mutant	score
D561C:E562S:E563L:E564C:I565L:T567M:N569L:P570F:V571Y:A572M:E574C:Q575C:Y576Q:G577F:S578I:V579L:S580Q:T581G:N582T:L583V:Q584L:R585I:G586S:N587A:R588H	-2.84913614995
D561C:E563D:E564M:R566K:T568V:N569T:P570H:V571F:A572W:T573W:E574Q:Q575S:Y576C:G577K:S578R:V579W:S580C:T581F:N582G:L583E:Q584D:R585V:G586V:N587P:R588C	-5.837163508280001
D561F:E562G:E563H:E564Y:I565V:T567C:T568C:P570T:V571F:A572C:T573M:E574D:Q575I:G577Y:S578A:V579A:S580C:T581A:N582L:L583P:Q584E:R585F:G586D:N587F:R588G	-3.05860585053
D561G:E562V:E564V:I565L:R566H:T567V:N569M:P570T:V571F:A572I:T573H:E574F:Q575P:Y576F:S578G:V579R:S580G:T581F:N582P:L583F:Q584G:R585I:G586L:N587T:R588W	-4.23671023547
D561G:E563H:E564G:I565T:R566L:T567P:N569T:P570S:V571M:A572G:T573L:E574G:Q575F:Y576Q:S578V:V579I:S580G:T581G:N582D:L583I:Q584T:R585E:G586P:N587L:R588W	-5.30368455171
D561H:E562A:E563G:E564C:R566S:T567P:P570C:V571F:A572G:T573G:E574C:Q575H:Y576P:G577W:S578F:V579W:S580H:T581E:N582G:L583P:Q584C:R585N:G586E:N587E:R588D	-5.3440080694
D561H:E562D:E563V:E564I:I565Q:R566K:T567G:T568V:V571I:A572C:T573F:E574A:Q575A:Y576G:G577Y:S578H:S580P:T581C:N582T:L583P:Q584V:R585G:G586L:N587F:R588H	-5.772875387392819
D561H:E562I:E563D:E564N:I565C:R566C:T567A:V571I:A572L:T573V:E574A:Q575S:Y576Q:G577L:S578T:V579W:S580W:T581M:N582C:L583I:Q584C:R585G:G586M:N587E:R588M	-5.01625526049954
D561I:E562N:E563D:E564T:I565C:R566S:N569F:P570F:V571P:A572M:T573C:E574I:Q575W:Y576I:G577Q:V579G:S580V:T581G:N582L:L583Y:Q584C:R585D:G586S:N587D:R588P	-4.509899675430001
D561K:E562P:E563V:E564A:R566I:T567C:T568C:P570C:V571T:A572C:T573N:E574M:Q575C:Y576F:G577Q:S578E:V579L:S580D:T581N:N582D:L583V:Q584D:R585N:G586T:N587T	-5.46652012836
D561M:E562D:E563F:I565V:R566E:T567A:T568V:V571C:A572G:T573G:E574W:Q575L:Y576F:G577Q:S578G:V579G:S580C:T581D:N582C:L583C:Q584H:R585Y:G586E:N587I:R588T	-5.38540439388
D561P:E562G:E563W:E564S:I565T:R566H:T567A:T568V:V571T:A572V:T573M:E574H:Q575F:Y576F:G577Q:V579K:S580F:T581V:N582T:L583P:Q584D:R585D:G586P:N587L:R588H	-5.88155762764
D561P:E562N:E563S:E564H:R566A:T567P:T568V:P570T:V571I:A572E:T573F:E574L:Q575I:Y576G:G577W:S578W:S580E:T581M:N582P:L583A:Q584H:R585P:G586Y:N587T:R588A	-6.051482629090001
D561S:E562V:E563F:E564V:R566N:N569I:P570Y:V571G:A572L:T573W:E574L:Q575I:Y576F:G577Q:S578N:V579A:S580Y:T581F:N582H:L583P:Q584D:R585F:G586F:N587Q:R588F	-4.09589777668
D561V:E562T:E563I:E564P:R566A:T567C:T568C:P570C:V571F:A572L:T573W:E574C:Q575T:Y576W:S578T:V579N:S580E:T581N:N582P:L583E:Q584C:R585E:G586H:N587I:R588H	-3.72190096165
E562D:E563M:E564P:R566C:T567M:T568V:N569P:P570C:V571Y:A572C:E574A:Q575I:Y576W:G577V:S578Q:V579N:S580P:T581F:N582P:L583D:Q584S:R585M:G586P:N587D:R588Q	-5.56098481237
E562N:E563R:E564W:R566L:T567G:T568C:P570C:V571I:A572T:T573H:E574M:Q575F:Y576W:G577W:S578H:V579W:S580H:T581S:N582C:L583E:Q584Y:R585Y:G586L:N587G:R588W	-3.72190096165
